{
	"Android_virtualdevice": {
		"capabilities": {
			"platformName": "Android",
			"device": "21f6013c1f384",
			"app": "D:\\QATest\\com.microsoft.office.outlook.apk",
			"app_package": "com.microsoft.office.outlook",
			"activity": "com.microsoft.office.outlook.MainActivity",
			"version": "6.0.1",
			"appiumServer": "http://127.0.0.1",
			"port": "4766",
			"deviceudid": "21f6013c1f384",
			"bundleid": "com.electrolux.test",
			"appWaitActivity":"SplashActivity, SplashActivity,OtherActivity, *, *.SplashActivity"
		}
	},
	"Android_REDME": {
	"capabilities": {
			"platformName": "Android",
			"device": "192.168.153.128:5555",
			"app": "C:\\swapnil\\apk\\app-debug.apk",
			"app_package": "com.ele",
			"activity": "com.electrolux.test",
			"version": "7.1.2",
			"appiumServer": "http://127.0.0.1",
			"port": "4792",
			"deviceudid": "192.168.153.128:5555",
			"bundleid": "com.elux.electroluxlife"
		}
	},		
	"IOS_iOS6": {
		"capabilities": {
			"platformName": "IOS",
			"device": "AHM05",
			"app": "/Users/navjot/Downloads/Electrolux_Life (1).ipa",
			"app_package": "com.elux.electroluxlife",
			"activity": "Main.elux.electroluxlife",
			"version": "11.1",
			"appiumServer": "http://127.0.0.1",
			"port": "4765",
			"deviceudid": "7846797bd0b8a819a75204b089309c5ea1336074",
			"bundleid": "com.elux.electroluxlife",
			"automationName":"XCUITest",
			"reset":"false"					
		}
	}
}